name,bib,flag,utmb_index,utmb_agegroup,utmb_uri,utmb_name
Jan TORRELLA,4333,🇪🇸,819,U20,https://utmb.world/en/runner/3371567.jan.torrella,Jan TORRELLA
Marcos VILLAMUERA,4335,🇪🇸,819,U20,https://utmb.world/en/runner/4275432.marcos.villamueraizquierdo,Marcos VILLAMUERA IZQUIERDO
Lukas EHRLE,4357,🇩🇪,801,50-54,https://utmb.world/en/runner/4647312.lukas.ehrle,Lukas EHRLE
Jules MONGELLAZ,4342,🇫🇷,775,U20,https://utmb.world/en/runner/4518978.jules.mongellaz,Jules MONGELLAZ
Marcos LÓPEZ GALERA,4332,🇪🇸,763,U20,https://utmb.world/en/runner/4174068.marcos.lopezgalera,Marcos LOPEZ GALERA
Anatole BERTHOU,4341,🇫🇷,744,U20,https://utmb.world/en/runner/4224988.anatole.berthou,Anatole BERTHOU
Agustín GARCÍA,4322,🇨🇱,740,U20,https://utmb.world/en/runner/4935946.agustinamaro.garciabelmar,Agustín Amaro GARCÍA BELMAR
Maximilian MEUSBURGER,4312,🇦🇹,738,U20,https://utmb.world/en/runner/4701648.maximilian.meusburger,Maximilian MEUSBURGER
Zack NEWSHAM,4309,🇦🇺,738,U20,https://utmb.world/en/runner/4165475.zack.newsham,Zack NEWSHAM
Maj PRITRŽNIK,4403,🇸🇮,730,50-54,https://utmb.world/en/runner/4595254.maj.pritrznik,Maj PRITRŽNIK
Dumitru-Florin GUT,4398,🇷🇴,719,20-34,https://utmb.world/en/runner/4524780.dumitruflorin.gut,Dumitru Florin GUT
Ignacio POZA,4302,🇦🇷,703,U20,https://utmb.world/en/runner/4296368.ignacio.poza,Ignacio POZA
Israel CHIMBO PASATO,4326,🇪🇨,695,U20,https://utmb.world/en/runner/4448966.israel.chimbopasato,Israel CHIMBO PASATO
Niklas SCHERB,4313,🇦🇹,645,U18,https://utmb.world/en/runner/4596540.niklas.weisskopf,Niklas WEIßKOPF
Julio Alejandro ESPINOZA,4321,🇨🇱,636,U20,https://utmb.world/en/runner/3728811.julioalejandro.espinozaaros,Julio Alejandro ESPINOZA AROS
Francesco MAZZA,4376,🇮🇹,532,35-39,https://utmb.world/en/runner/2223753.francesco.mazza,Francesco MAZZA
Miguel Angel LOPEZ,4386,🇲🇽,470,20-34,https://utmb.world/en/runner/2447647.miguelangel.vargaslopez,Miguel Ángel VARGAS LÓPEZ
Abdülmecit AÇAN,4415,🇹🇷,0,,,
Adam KRAJČ,4414,🇸🇰,0,,,
Albert Constantin MUNTEANU,4399,🇷🇴,0,,,
Alexander POULSTON,4351,🇬🇧,0,,,
Andrei DASCAL,4397,🇷🇴,0,,,
Anselme POHER,4319,🇨🇦,0,,,
Ariel Sebastian VALLEJO BUENAÑO,4329,🇪🇨,0,U18,https://utmb.world/en/runner/5198526.arielsebastian.vallejobuenano,Ariel Sebastian VALLEJO BUENAÑO
Arvid LÖSEL,4358,🇩🇪,0,,,
Benjamin RICKERBY,4392,🇳🇿,0,,,
Bertold KALÁSZ,4359,🇭🇺,0,,,
Caleb RICHARDSON,4427,🇺🇸,0,,,
Chane SOUARD,4343,🇫🇷,0,U20,https://utmb.world/en/runner/4942247.chane.souard,Chané SOUARD
Ciprian COSTIN,4396,🇷🇴,0,,,
Colum O'NEIL,4368,🇮🇪,0,,,
Diego REBOLLEDO,4303,🇦🇷,0,,,
Emilio Paul LEON PEREZ,4328,🇪🇨,0,20-34,https://utmb.world/en/runner/5198524.emiliopaul.leonperez,Emilio Paul LEON PEREZ
Ethan MCMULLAN,4367,🇮🇪,0,,,
Ewan BUSFIELD,4348,🇬🇧,0,,,
Fabian HENNERBICHLER,4311,🇦🇹,0,,,
Fabián VENERO,4334,🇪🇸,0,U20,https://utmb.world/en/runner/4026618.fabian.venerojimenez,Fabian VENERO JIMENEZ
Francesco BONGIO,4373,🇮🇹,0,,,
Hector PEREZ,4387,🇲🇽,0,50-54,https://utmb.world/en/runner/2447551.hectorhugo.perezgranados,Hector Hugo PEREZ GRANADOS
Hosea CHEMUTAI,4421,🇺🇬,0,,,
Ignacio Alejandro SEJAS AGUILERA,4317,🇧🇴,0,U20,https://utmb.world/en/runner/4087421.ignacioalexandro.sejas,Ignacio Alexandro SEJAS
Jaka MARINKO,4402,🇸🇮,0,,,
James KIRWA,4422,🇺🇬,0,,,
Jesus CUEVAS VERAMENDI,4316,🇧🇴,0,,,
Jesus QUIROZ,4388,🇲🇽,0,40-44,https://utmb.world/en/runner/716148.jesusmariano.quirozjuarez,Jesus-Mariano QUIROZ-JUAREZ
Jules BARRIOD,4340,🇫🇷,0,U20,https://utmb.world/en/runner/4943385.jules.barriod,Jules BARRIOD
Julian Salas ACUÑA,4301,🇦🇷,0,,,
Kenan PALA,4426,🇺🇸,0,,,
Lautaro Daniel TESIO,4304,🇦🇷,0,,,
Lawson DUFF,4308,🇦🇺,0,,,
Levente POCSAI,4360,🇭🇺,0,,,
Loïc BERGER,4408,🇨🇭,0,,,
Lucas MALDONADO,4323,🇨🇱,0,,,
Maciej LACHOWSKI,4393,🇵🇱,0,,,
Mark KOCAR,4400,🇸🇮,0,,,
Mark LOPEZ,4385,🇲🇽,0,,,
Martín CÉSPEDES,4320,🇨🇱,0,,,
Matija MAGLICA,4401,🇸🇮,0,,,
Matthieu BÜHRER,4409,🇨🇭,0,,,
Matěj PLACATKA,4324,🇨🇿,0,,,
Mauro DALLAPICCOLA,4374,🇮🇹,0,,,
Mervan HAYKIR,4417,🇹🇷,0,,,
Michael MAIORANO,4425,🇺🇸,0,,,
Milán ZAHORÁN,4361,🇭🇺,0,,,
Nicola MOROSINI,4377,🇮🇹,0,,,
Nicoló LORA MORETTO,4375,🇮🇹,0,U20,https://utmb.world/en/runner/5146971.nicolo.loramoretto,Nicolò LORA MORETTO
Nino FREITAG,4410,🇨🇭,0,,,
Roberth Paul GUACHAMIN RAIMUNDO,4327,🇪🇨,0,,,
Ryan MCCARTHY,4366,🇮🇪,0,,,
Samuel ZANABONI,4378,🇮🇹,0,,,
Thomas PERRY,4350,🇬🇧,0,,,
Tom CRUDGINGTON,4365,🇮🇪,0,,,
Wes SHIPSEY,4428,🇺🇸,0,,,
William LONGDEN,4349,🇬🇧,0,,,
Ümran BULUT,4416,🇹🇷,0,,,
